{
    "id": "/deployed_service_name",
    "groups": [
        {
            "id": "/deployed_service_name/data",
            "apps": [
                {
                    "id": "/deployed_service_name/data/mysql-db",
                    "cpus": 0.5,
                    "mem": 512,
                    "container": {
                        "type": "DOCKER",
                        "docker": {
                            "image": "mysql",
                            "network": "BRIDGE",
                            "portMappings": [
                                {
                                    "containerPort": 3306,
                                    "servicePort": 13306
                                }
                            ]
                        }
                    },
                    "env": {
                        "MYSQL_ROOT_PASSWORD": "root",
			             "MYSQL_DATABASE" : "petclinic"
                    },
  		   "healthChecks" : [{
			"protocol" : "COMMAND",
			"command" : { "value" : "mysql -u root -proot -h 172.17.42.1 -P 13306"},
 			"maxConsecutiveFailures" : 3
		   }]
                }
            ]
        },
        {
            "id": "/deployed_service_name/app",
            "dependencies" : ["/deployed_service_name/data"],
            "apps": [
                {
                    "id": "/deployed_service_name/app/spring-app",
                    "cpus": 0.5,
                    "mem": 512,
                    "container": {
                        "type": "DOCKER",
                        "docker": {
                            "image": "image_registry_location/deployed_service_name:latest",
                            "network": "BRIDGE",
                            "portMappings": [
                                {
                                    "containerPort": 8080,
                                    "servicePort": 4569
                                }
                            ]
                        }
                    },
                    "env": {
                        "DATABASE_BACKEND": "192.168.33.12:13306"
		
                    }
                }
            ]
        }
    ]
}
